slot_number,Bias voltage (V),Current compliance (A),Measure once every (s)
1,300,3.3E-05,666
2,544,1E-05,666
3,277,3.3E-05,666
4,99,0.000111,666
5,500,2.20E-05,666
6,155,0.000111,666
7,190,1E-05,666
